customer_id,logins_per_month,nps_score
1,33,3
2,9,1
3,82,1
4,80,5
5,40,3
6,17,6
7,73,2
8,85,10
9,10,4
10,53,5
11,31,5
12,98,4
13,92,6
14,56,5
15,88,8
16,36,9
17,51,4
18,11,2
19,59,10
20,37,9
21,73,5
22,25,8
23,18,5
24,52,3
25,7,2
26,35,10
27,73,3
28,72,10
29,96,5
30,20,4
31,34,10
32,13,1
33,40,8
34,65,4
35,89,7
36,88,2
37,29,9
38,36,2
39,74,1
40,66,4
41,54,5
42,89,8
43,99,9
44,11,10
45,15,3
46,35,7
47,10,10
48,38,4
49,21,5
50,77,2
51,49,2
52,74,5
53,89,2
54,100,9
55,31,6
56,11,2
57,47,3
58,95,7
59,9,6
60,44,6
61,36,2
62,25,3
63,90,4
64,33,4
65,33,1
66,40,6
67,8,2
68,9,2
69,60,10
70,37,1
71,30,6
72,20,5
73,75,3
74,77,5
75,60,10
76,91,4
77,70,10
78,44,4
79,65,10
80,78,4
81,23,1
82,94,9
83,20,8
84,81,6
85,75,8
86,86,5
87,61,2
88,74,2
89,13,7
90,31,7
91,53,8
92,73,9
93,39,7
94,64,3
95,77,1
96,11,5
97,46,6
98,15,8
99,88,2
100,7,10
101,32,8
102,44,2
103,96,4
104,81,2
105,59,6
106,18,7
107,27,9
108,64,7
109,16,5
110,83,7
111,32,6
112,76,1
113,67,9
114,96,8
115,56,4
116,72,6
117,39,5
118,20,9
119,40,10
120,29,5
121,21,5
122,86,8
123,66,8
124,13,7
125,24,10
126,58,10
127,62,8
128,84,1
129,89,2
130,5,7
131,34,5
132,85,10
133,33,3
134,44,10
135,64,5
136,61,2
137,37,1
138,39,10
139,61,5
140,65,6
141,47,7
142,9,8
143,70,1
144,29,9
145,31,5
146,8,10
147,75,7
148,24,8
149,66,8
150,81,9
151,48,9
152,79,8
153,47,9
154,94,4
155,100,8
156,9,3
157,61,2
158,88,3
159,15,6
160,96,8
161,85,5
162,95,2
163,12,5
164,36,9
165,83,7
166,34,8
167,41,9
168,86,7
169,66,2
170,94,5
171,92,1
172,50,4
173,17,1
174,51,3
175,30,3
176,26,5
177,64,2
178,51,2
179,63,6
180,52,2
181,83,4
182,57,2
183,17,4
184,52,9
185,83,7
186,61,8
187,87,6
188,16,4
189,36,3
190,80,4
191,5,5
192,27,2
193,35,10
194,99,7
195,70,10
196,83,1
197,8,1
198,67,8
199,21,5
200,81,9
201,60,2
202,60,8
203,58,2
204,24,8
205,100,6
206,76,6
207,41,10
208,24,8
209,19,5
210,84,10
211,28,5
212,28,3
213,8,2
214,63,6
215,81,2
216,15,5
217,82,8
218,60,2
219,44,1
220,43,4
221,5,8
222,95,4
223,60,1
224,78,7
225,7,6
226,60,2
227,55,5
228,70,2
229,23,4
230,24,2
231,62,10
232,61,2
233,50,9
234,52,5
235,54,8
236,29,6
237,18,6
238,36,8
239,52,5
240,85,6
241,37,10
242,23,6
243,44,9
244,87,7
245,32,6
246,24,2
247,9,6
248,24,3
249,57,6
250,34,9
251,78,8
252,58,3
253,87,8
254,41,2
255,60,2
256,58,1
257,52,4
258,22,1
259,62,10
260,32,3
261,41,4
262,84,8
263,85,9
264,59,1
265,90,2
266,69,9
267,10,7
268,13,6
269,10,6
270,85,3
271,42,4
272,70,7
273,87,4
274,20,6
275,48,3
276,15,7
277,46,2
278,96,7
279,98,6
280,90,7
281,91,8
282,54,10
283,52,8
284,55,6
285,68,9
286,38,8
287,20,3
288,92,6
289,43,3
290,20,4
291,75,10
292,83,2
293,57,7
294,14,8
295,86,10
296,12,2
297,25,6
298,15,5
299,21,5
300,79,3
301,10,1
302,88,4
303,85,9
304,36,7
305,61,7
306,96,6
307,70,9
308,20,5
309,54,10
310,29,3
311,68,1
312,32,10
313,88,8
314,38,6
315,77,9
316,14,7
317,17,7
318,30,10
319,22,6
320,70,3
321,83,5
322,95,10
323,47,2
324,65,5
325,79,8
326,36,1
327,45,7
328,65,1
329,89,8
330,48,9
331,36,5
332,93,8
333,20,10
334,42,1
335,37,8
336,22,2
337,90,9
338,17,7
339,75,3
340,46,5
341,73,1
342,55,8
343,77,10
344,87,9
345,64,5
346,87,5
347,77,4
348,16,7
349,36,1
350,43,10
351,12,2
352,92,9
353,42,6
354,63,10
355,73,4
356,72,6
357,69,4
358,61,2
359,62,1
360,12,9
361,37,1
362,49,2
363,41,7
364,53,8
365,89,9
366,27,9
367,7,5
368,73,7
369,40,4
370,7,4
371,9,8
372,61,4
373,34,10
374,43,3
375,40,1
376,91,7
377,45,7
378,65,4
379,12,9
380,54,4
381,52,2
382,91,10
383,80,9
384,43,1
385,36,10
386,41,7
387,70,8
388,45,7
389,38,9
390,24,4
391,75,6
392,26,6
393,87,1
394,57,3
395,32,9
396,67,1
397,72,5
398,60,3
399,29,10
400,52,7
401,92,2
402,53,9
403,68,7
404,10,4
405,39,1
406,9,3
407,23,7
408,77,7
409,93,2
410,34,2
411,8,5
412,75,7
413,84,5
414,53,3
415,5,5
416,21,2
417,57,2
418,81,6
419,15,9
420,92,7
421,23,2
422,14,6
423,83,4
424,47,10
425,88,10
426,93,4
427,99,8
428,55,6
429,28,9
430,42,2
431,86,5
432,14,8
433,69,7
434,86,2
435,87,10
436,60,2
437,76,10
438,55,8
439,49,1
440,98,3
441,66,6
442,13,5
443,48,2
444,27,9
445,56,3
446,30,8
447,40,2
448,30,8
449,54,10
450,84,3
451,91,3
452,52,3
453,54,7
454,26,8
455,11,6
456,76,9
457,95,8
458,42,1
459,77,8
460,74,6
461,32,7
462,38,6
463,31,10
464,83,3
465,73,5
466,78,5
467,57,1
468,23,6
469,85,5
470,16,7
471,67,6
472,90,6
473,32,8
474,21,10
475,17,8
476,59,4
477,40,2
478,88,3
479,88,2
480,21,10
481,20,7
482,16,2
483,22,7
484,72,10
485,49,4
486,16,2
487,49,7
488,15,4
489,89,5
490,42,1
491,35,8
492,45,3
493,92,3
494,6,5
495,69,5
496,15,9
497,15,9
498,80,2
499,36,2
500,90,3
